{"cameraMode":{"drawMode":0,"name":"Shaded","section":"Shading Mode"},"sceneLighting":true,"audioPlay":false,"sceneViewState":{"m_AlwaysRefresh":false,"showFog":true,"showSkybox":true,"showFlares":true,"showImageEffects":true,"showParticleSystems":true,"showVisualEffectGraphs":true,"m_FxEnabled":true},"in2DMode":false,"pivot":{"x":22.024372100830079,"y":4.05875825881958,"z":-6.058285236358643},"rotation":{"x":0.23036795854568482,"y":0.08308181911706925,"z":-0.01974458619952202,"w":0.9693495035171509},"size":20.602001190185548,"orthographic":false}