{"cameraMode":{"drawMode":0,"name":"Shaded","section":"Shading Mode"},"sceneLighting":true,"audioPlay":false,"sceneViewState":{"m_AlwaysRefresh":false,"showFog":true,"showSkybox":true,"showFlares":true,"showImageEffects":true,"showParticleSystems":true,"showVisualEffectGraphs":true,"m_FxEnabled":true},"in2DMode":false,"pivot":{"x":0.5012516379356384,"y":-1.2521934509277344,"z":-6.898914337158203},"rotation":{"x":0.17243795096874238,"y":0.014774594455957413,"z":-0.0025867498479783537,"w":0.9849061965942383},"size":18.62588882446289,"orthographic":false}